sample_id,shear_rate_1/s,stress_Pa
carbopol_2pct,0.000998303,21.2851
carbopol_2pct,0.00125781,21.4806
carbopol_2pct,0.00158475,21.7349
carbopol_2pct,0.00199439,22.0484
carbopol_2pct,0.0025096,21.6008
carbopol_2pct,0.00316032,21.7879
carbopol_2pct,0.00397764,22.0016
carbopol_2pct,0.00500915,22.261
carbopol_2pct,0.00630434,22.5604
carbopol_2pct,0.00794177,22.8937
carbopol_2pct,0.00999614,23.2335
carbopol_2pct,0.012586,23.4174
carbopol_2pct,0.015844,23.6024
carbopol_2pct,0.019945,23.821
carbopol_2pct,0.0251095,24.1161
carbopol_2pct,0.031611,24.4701
carbopol_2pct,0.0397922,24.8884
carbopol_2pct,0.0500938,25.3265
carbopol_2pct,0.0630687,25.9119
carbopol_2pct,0.0794016,26.5547
carbopol_2pct,0.0999668,27.2767
carbopol_2pct,0.126611,28.203
carbopol_2pct,0.158626,29.1395
carbopol_2pct,0.200668,30.3884
carbopol_2pct,0.251351,31.503
carbopol_2pct,0.316333,32.9143
carbopol_2pct,0.398324,34.5516
carbopol_2pct,0.501446,36.4082
carbopol_2pct,0.631207,38.487
carbopol_2pct,0.794708,40.8676
carbopol_2pct,1.00036,43.53
carbopol_2pct,1.2594,46.5495
carbopol_2pct,1.58549,49.9635
carbopol_2pct,1.99605,53.7921
carbopol_2pct,2.51289,58.1026
carbopol_2pct,3.16353,62.9508
carbopol_2pct,3.98265,68.3951
carbopol_2pct,5.01394,74.5063
carbopol_2pct,6.31221,81.3534
carbopol_2pct,7.94666,89.0142
carbopol_2pct,10.0041,97.6667
carbopol_2pct,12.5943,107.377
carbopol_2pct,15.8547,118.215
carbopol_2pct,19.9605,130.812
carbopol_2pct,25.1281,145.089
carbopol_2pct,31.6329,161.312
carbopol_2pct,39.8213,179.688
carbopol_2pct,50.7211,203.376
carbopol_2pct,63.178,227.033
carbopol_2pct,79.9422,258.096
carbopol_2pct,102.017,296.117
carbopol_2pct,126.129,335.188
carbopol_2pct,159.936,386.924
carbopol_2pct,206.021,456.956
carbopol_2pct,251.751,523.363
carbopol_2pct,316.33,612.747
carbopol_2pct,398.96,728.412
carbopol_2pct,501.283,867.933
carbopol_2pct,631.034,1041.56
carbopol_2pct,794.537,1259.66
carbopol_2pct,999.973,1536.22
