sample_id,omega_rad/s,Gp_Pa,Gpp_Pa
linear_polymer,0.100000038743019,0.00763446511700749,0.209006160497665
linear_polymer,0.125892415642738,0.00817386154085398,0.256878435611725
linear_polymer,0.158489584922791,0.0105167888104916,0.328697770833969
linear_polymer,0.199526324868202,0.0222223363816738,0.411336064338684
linear_polymer,0.251188546419144,0.0286895856261253,0.519704401493073
linear_polymer,0.316227704286575,0.0558682903647423,0.643801391124725
linear_polymer,0.398107022047043,0.0747017562389374,0.81107884645462
linear_polymer,0.501188337802887,0.120586700737476,1.00940382480621
linear_polymer,0.6309574842453,0.159836858510971,1.2283890247345
linear_polymer,0.794326543807983,0.240396156907082,1.52423846721649
linear_polymer,1.00000035762787,0.363873660564423,1.88373351097107
linear_polymer,1.25892412662506,0.494123697280884,2.27592921257019
linear_polymer,1.58489584922791,0.710845232009888,2.76047325134277
linear_polymer,1.99525690078735,0.950731039047241,3.33838224411011
linear_polymer,2.51189184188843,1.29389238357544,4.0014820098877
linear_polymer,3.16228938102722,1.7402982711792,4.69449377059937
linear_polymer,3.98105144500732,2.28576016426086,5.55582523345947
linear_polymer,5.0118579864502,2.9547061920166,6.55140399932861
linear_polymer,6.30957460403442,3.7772274017334,7.60245847702026
linear_polymer,7.94326591491699,4.74813890457153,8.75165748596191
linear_polymer,10.0000667572021,5.98536777496338,9.97378826141357
linear_polymer,12.5891790390015,7.36482667922974,11.3070907592773
linear_polymer,15.8490209579468,8.98807907104492,12.6561193466187
linear_polymer,19.9525699615479,10.7819023132324,14.1597280502319
linear_polymer,25.1187934875488,12.9151706695557,15.6983118057251
linear_polymer,31.6230201721191,15.2165451049805,17.2054138183594
linear_polymer,39.8105125427246,17.773136138916,18.7803039550781
linear_polymer,50.1190223693848,20.6802253723145,20.4289379119873
linear_polymer,63.0957450866699,23.7890300750732,22.1024436950684
linear_polymer,79.4326553344727,27.2210826873779,23.8411922454834
linear_polymer,100.000038146973,30.8110160827637,25.6279296875
