sample_id,strain_pct,Gp_Pa,Gpp_Pa
linear_polymer,0.100589473731816,0.294697642326355,1.84706354141235
linear_polymer,0.125650886911899,0.359015643596649,1.84524869918823
linear_polymer,0.158957450184971,0.348576724529266,1.84155130386353
linear_polymer,0.198757415637374,0.354943245649338,1.86234700679779
linear_polymer,0.250587076880038,0.337126702070236,1.85420453548431
linear_polymer,0.316221313551068,0.333322525024414,1.84599184989929
linear_polymer,0.397241674363613,0.335806131362915,1.84460532665253
linear_polymer,0.496652070432901,0.323862433433533,1.84839296340942
linear_polymer,0.635045068338513,0.307815492153168,1.83639192581177
linear_polymer,0.787792447954416,0.351645797491074,1.85269486904144
linear_polymer,1.00198928266764,0.329908609390259,1.83479356765747
linear_polymer,1.26860067248344,0.332749247550964,1.82541418075562
linear_polymer,1.58030893653631,0.337914615869522,1.83990037441254
linear_polymer,1.99434645473957,0.333687365055084,1.84239339828491
linear_polymer,2.51227132976055,0.347775757312775,1.8390052318573
linear_polymer,3.1584121286869,0.346128672361374,1.8405796289444
linear_polymer,3.97916212677956,0.341720640659332,1.84116542339325
linear_polymer,5.00299632549286,0.340406358242035,1.8448703289032
linear_polymer,6.30907267332077,0.341460943222046,1.84172236919403
linear_polymer,7.94300511479378,0.341463685035706,1.8437340259552
linear_polymer,9.99766886234283,0.343595385551453,1.84583210945129
linear_polymer,12.5943928956985,0.341483980417252,1.84858584403992
linear_polymer,15.8464878797531,0.341977089643478,1.85048890113831
linear_polymer,19.9501544237137,0.341188669204712,1.85095739364624
linear_polymer,25.1008152961731,0.340753972530365,1.85156035423279
linear_polymer,31.5990626811981,0.33959773182869,1.85198664665222
linear_polymer,39.7765964269638,0.338300466537476,1.85158932209015
linear_polymer,50.0543415546417,0.33431014418602,1.84965908527374
linear_polymer,62.9645109176636,0.328239768743515,1.84544289112091
linear_polymer,79.1983485221863,0.320304155349731,1.83736658096313
linear_polymer,99.5936274528503,0.30925327539444,1.82622599601746
linear_polymer,125.218534469604,0.293966263532639,1.81063568592072
linear_polymer,157.405650615692,0.273755460977554,1.78787434101105
linear_polymer,197.871625423431,0.249028995633125,1.75581753253937
linear_polymer,248.754000663757,0.220962837338448,1.71354186534882
linear_polymer,312.852692604065,0.190907329320908,1.66011130809784
linear_polymer,393.693327903748,0.160576090216637,1.59551119804382
linear_polymer,495.645189285278,0.132233247160912,1.52072179317474
linear_polymer,624.211835861206,0.107376776635647,1.43775677680969
linear_polymer,786.016321182251,0.0865199789404869,1.34840524196625
linear_polymer,1000.30660629272,0.0690658614039421,1.2509024143219
